"dimension","target","sampler","seed","medESS","ESS1","mean1","var1","median1","Q1_1","Q3_1"
1,"N(2,1)",RRWMH,1,4584.3570161637435,4584.3570161637435,1.9941376572266505,0.9962776446631372,1.9929158338115704,1.325651395885206,2.6685182439232884
1,"N(2,1)",RRWMH,2,4463.145333168219,4463.145333168219,1.9775792220136936,1.000700092005625,1.9855927168886336,1.3054650011238866,2.6571306016382783
1,"N(2,1)",RRWMH,3,4810.877651259958,4810.877651259958,2.0126552368080963,1.0117082488904927,2.015627362179356,1.3252750301908305,2.695175498762697
1,"N(2,1)",RRWMH,4,4689.217419527836,4689.217419527836,2.01014493160484,0.9872943446682179,2.013942832149316,1.3472596540193975,2.6662476893903873
1,"N(2,1)",RRWMH,5,4864.613797494113,4864.613797494113,1.9926130709613092,1.0115610276175513,1.9954885490536882,1.3204090830949844,2.6701403880172663
1,"N(2,1)",RRWMH,6,4416.313807899678,4416.313807899678,1.9840082946506132,1.0020871105272167,1.9786444420855036,1.323442414299334,2.6542726676731334
1,"N(2,1)",RRWMH,7,4393.210187888864,4393.210187888864,1.9916566840920813,1.032370897185595,1.9937220024956974,1.2980227405357876,2.6835628777685363
1,"N(2,1)",RRWMH,8,4830.702877878507,4830.702877878507,1.9969427932754786,0.9775156780686256,2.005942886355409,1.3311138064385613,2.6705808446418082
1,"N(2,1)",RRWMH,9,4758.432100414515,4758.432100414515,2.004430044906358,1.0013935910582115,2.0121261892702256,1.3282108362873193,2.68319279755094
1,"N(2,1)",RRWMH,10,4747.004472614045,4747.004472614045,2.0095724950219527,0.9960407060768626,2.013249794154089,1.3361378327787776,2.6902751191307983
1,"N(2,1)",AM,1,4962.156618326025,4962.156618326025,1.994858994735513,0.9866929620622207,1.9907444183022134,1.3246509408648275,2.6533782625298223
1,"N(2,1)",AM,2,4637.343284027354,4637.343284027354,1.9785318805783534,1.009933596481134,1.9825424828634426,1.305418189841967,2.6551323132681746
1,"N(2,1)",AM,3,4580.727570544697,4580.727570544697,1.9952895153879426,0.9941062002411627,1.9962700980519752,1.3271890429440858,2.671290634635013
1,"N(2,1)",AM,4,4655.061750521233,4655.061750521233,2.002162407538956,0.989170831661859,2.008622005465105,1.331621909477573,2.679927412478232
1,"N(2,1)",AM,5,4736.012026180426,4736.012026180426,2.018046776317988,1.0370469143484424,2.032146390121275,1.3316164174793519,2.699813591328698
1,"N(2,1)",AM,6,4686.583969536604,4686.583969536604,2.0146429993265706,1.0071565013133164,2.0065132662563383,1.3347131585896816,2.6942469181689823
1,"N(2,1)",AM,7,4521.546695954971,4521.546695954971,1.9914472578263085,0.9939905637534543,1.9886065682204808,1.3172310031318313,2.6680508739302997
1,"N(2,1)",AM,8,4803.826212405341,4803.826212405341,2.016723260734091,1.0092549130499693,2.025194582260224,1.3340559699631875,2.7001395990935557
1,"N(2,1)",AM,9,5012.35631681838,5012.35631681838,2.0108238329713135,1.0154946809136476,1.9978278596259536,1.3145332847601243,2.686188103169302
1,"N(2,1)",AM,10,4917.303246251546,4917.303246251546,1.9952230899384011,0.9910592364731872,1.9985788359539458,1.3280958521057378,2.6704449135570805
1,"N(0.2,1)",RRWMH,1,4613.531683899066,4613.531683899066,0.19653747718086234,0.987092726856181,0.19824432220789268,-0.467300626351572,0.8641484045917159
1,"N(0.2,1)",RRWMH,2,4398.365983800922,4398.365983800922,0.17074932022360367,1.018748077089491,0.1751139195038306,-0.5030580747654292,0.8548360812812406
1,"N(0.2,1)",RRWMH,3,4792.4598278600915,4792.4598278600915,0.21609413332469068,1.0157163320465274,0.2239863941668624,-0.4656787396826795,0.9029801517896958
1,"N(0.2,1)",RRWMH,4,4624.238903244723,4624.238903244723,0.2075001789180515,1.000099527516606,0.2127435606775963,-0.46564211753147433,0.8686039006140149
1,"N(0.2,1)",RRWMH,5,4854.2022518457,4854.2022518457,0.19701846355341504,1.0141717174622589,0.1992249128978355,-0.47770739691974073,0.8787850077663376
1,"N(0.2,1)",RRWMH,6,4171.050191167615,4171.050191167615,0.18440204143187836,1.0102119881624894,0.18743458010551783,-0.4841344641084026,0.8640522639432733
1,"N(0.2,1)",RRWMH,7,4408.975502095116,4408.975502095116,0.1940864387382996,1.0290959614855528,0.20083661276418963,-0.49303041833334826,0.8844897541330894
1,"N(0.2,1)",RRWMH,8,4744.236400178317,4744.236400178317,0.20040590987800674,0.9727239658391341,0.2040243185017631,-0.4609304311041646,0.8714385449087957
1,"N(0.2,1)",RRWMH,9,4659.008526635366,4659.008526635366,0.20903526085770166,1.0024414295045803,0.20834133382629405,-0.4721207532711133,0.8880512350025971
1,"N(0.2,1)",RRWMH,10,4843.101454530113,4843.101454530113,0.20617078607506098,0.979188356782314,0.2157508734888529,-0.46307388900717505,0.8796444852646457
1,"N(0.2,1)",AM,1,4961.802110470351,4961.802110470351,0.19522054073004794,0.9796704919470093,0.1889431166005926,-0.47718320785496815,0.8527097988622523
1,"N(0.2,1)",AM,2,4532.472042382392,4532.472042382392,0.180456554611217,1.017296348738416,0.17874048267895426,-0.49209894247611335,0.8593605717885459
1,"N(0.2,1)",AM,3,4503.555973366561,4503.555973366561,0.1868804221314542,0.9818973232172888,0.18784898324953336,-0.47378919222366367,0.86145027840303
1,"N(0.2,1)",AM,4,4760.424988768622,4760.424988768622,0.1996032064781216,0.9895877528804189,0.2075293162433271,-0.46599514190962754,0.8808852736674836
1,"N(0.2,1)",AM,5,4857.366674728435,4857.366674728435,0.2180460559154761,1.0188223358357358,0.22488689058828698,-0.46625600676827733,0.8954715308900967
1,"N(0.2,1)",AM,6,4715.179803525468,4715.179803525468,0.218346400716153,1.0060493428300814,0.20651504233915996,-0.45790929637450106,0.9007805229546311
1,"N(0.2,1)",AM,7,4580.298583636296,4580.298583636296,0.17919725136320905,0.9950470714833914,0.18356510486795014,-0.49027561743708736,0.8542564951814119
1,"N(0.2,1)",AM,8,4759.415344267206,4759.415344267206,0.21544027125836973,0.9976392234263236,0.2218163230410456,-0.45967388519208885,0.8926626458861113
1,"N(0.2,1)",AM,9,4848.266835857237,4848.266835857237,0.21283763532477887,1.0217898376551253,0.20517542259436752,-0.4768649750342623,0.8850364225389256
1,"N(0.2,1)",AM,10,4780.480863906225,4780.480863906225,0.2006638727553772,0.9940013593966319,0.19966306163350772,-0.46539455725021495,0.8744681062343121
1,"N(10,1)",RRWMH,1,4636.041570306381,4636.041570306381,9.9965609830133,0.9890244992791111,9.998342210576608,9.327915020534535,10.661246126784363
1,"N(10,1)",RRWMH,2,4655.433112282917,4655.433112282917,9.974558396530966,0.9974699289767699,9.978450402072374,9.299597442854813,10.651927004399306
1,"N(10,1)",RRWMH,3,4876.3356204591355,4876.3356204591355,10.004839062831108,1.0197087807685534,10.01132470181124,9.316968451063378,10.690844233071468
1,"N(10,1)",RRWMH,4,4780.600989633068,4780.600989633068,10.00266463107708,0.9958646696521072,10.004370674890438,9.341783918788828,10.664696207228626
1,"N(10,1)",RRWMH,5,4968.168384242053,4968.168384242053,9.990458469412307,1.0042531111644877,9.989395506721351,9.317385505124204,10.67270872133336
1,"N(10,1)",RRWMH,6,4415.400650522432,4415.400650522432,9.98824212369013,1.0126473643597933,9.98610819939233,9.314884387833311,10.662607700223518
1,"N(10,1)",RRWMH,7,4687.2575622983395,4687.2575622983395,9.968566842584025,1.0270964085578385,9.968329425772133,9.285594880205105,10.656462352519213
1,"N(10,1)",RRWMH,8,4799.956897029856,4799.956897029856,9.99457032022724,0.9743444216887411,10.006498201878744,9.32792840245504,10.675906286452145
1,"N(10,1)",RRWMH,9,4752.561899583193,4752.561899583193,10.009361804140614,1.0027226420548487,10.008789874253424,9.33557841183478,10.683463785028858
1,"N(10,1)",RRWMH,10,4422.381552175554,4422.381552175554,10.008665343442239,1.0001921482832472,10.008472022702582,9.335841028730062,10.685872715720791
1,"N(10,1)",AM,1,5067.63592524632,5067.63592524632,9.993985223991835,0.9730257860568798,9.987308554407525,9.32477734945649,10.64760684139415
1,"N(10,1)",AM,2,4583.639622866377,4583.639622866377,9.98016661373851,1.0146104054982459,9.979711121068286,9.301033030678456,10.657335266604946
1,"N(10,1)",AM,3,4726.769323374848,4726.769323374848,9.999689496632643,0.996965786637773,9.998258323198058,9.33939958330181,10.679154739479147
1,"N(10,1)",AM,4,4707.051174301848,4707.051174301848,10.001266756329413,0.9787533569579665,10.006615679467695,9.334776747750073,10.672673975553375
1,"N(10,1)",AM,5,4843.501414599081,4843.501414599081,10.020870318328605,1.0114397703012372,10.02701806524642,9.335395944847617,10.698592414856929
1,"N(10,1)",AM,6,5064.771520778956,5064.771520778956,10.010955150651808,1.0047753918204307,10.011003509568269,9.328604524443344,10.68855923239019
1,"N(10,1)",AM,7,4514.453181833691,4514.453181833691,9.988420329481583,0.9939378124504543,9.981146209802002,9.317756270963013,10.658836228739755
1,"N(10,1)",AM,8,5158.404436687675,5158.404436687675,10.017302254047587,1.0015776729974561,10.021028735680352,9.339484494142221,10.700415863245684
1,"N(10,1)",AM,9,4958.89855931098,4958.89855931098,10.00721110228566,1.0328088490949199,9.990965976291928,9.316634709134368,10.687747425467222
1,"N(10,1)",AM,10,4859.765548845298,4859.765548845298,9.9972344853934,0.9914139498092425,10.004666287626659,9.332762728574426,10.675107532394339
1,"N(2,0.2²)",RRWMH,1,8921.932519045638,8921.932519045638,1.9977828676379839,0.04024364028819516,1.9953038653449795,1.8617525041966483,2.1334524797859014
1,"N(2,0.2²)",RRWMH,2,9433.143961662836,9433.143961662836,1.9967799102972863,0.039126924192052215,1.9968230082028835,1.8632290872506032,2.1313898416969534
1,"N(2,0.2²)",RRWMH,3,8499.323334043287,8499.323334043287,2.0016919478713024,0.04149966721831255,2.000693653630026,1.8643996738339408,2.1420591728812233
1,"N(2,0.2²)",RRWMH,4,9529.244695033789,9529.244695033789,1.9995127165117812,0.03956789484443668,1.9994123469366558,1.8658745611857088,2.1348567363202755
1,"N(2,0.2²)",RRWMH,5,8880.922717296384,8880.922717296384,2.0006366388640644,0.039691244642996004,2.001984300676807,1.8674092939936262,2.131534412942289
1,"N(2,0.2²)",RRWMH,6,9239.636776886224,9239.636776886224,1.997335564334194,0.04083071197492183,1.9983948795111197,1.8579879376167978,2.13442434905851
1,"N(2,0.2²)",RRWMH,7,8603.01764480518,8603.01764480518,1.9979011266593272,0.04040667485380789,1.9964562136887458,1.8600395946684172,2.13415813793202
1,"N(2,0.2²)",RRWMH,8,9280.088091112862,9280.088091112862,1.9989968440234602,0.04026530437579057,1.9999785835696051,1.8629260955605242,2.135674631707045
1,"N(2,0.2²)",RRWMH,9,8887.739079480492,8887.739079480492,1.9999304910048183,0.039666650087478494,2.001113192298711,1.8656965544710506,2.1353743882405487
1,"N(2,0.2²)",RRWMH,10,9289.900513210407,9289.900513210407,2.0017517516183783,0.04111232000721632,2.0010303366486135,1.864288520429057,2.138075620595048
1,"N(2,0.2²)",AM,1,4959.966902680907,4959.966902680907,1.998396950236693,0.03982886770190852,1.9973177629740708,1.8645765009799375,2.1306674807097576
1,"N(2,0.2²)",AM,2,4567.390521649021,4567.390521649021,1.9968068065361757,0.04041244888089057,1.9976345319146303,1.861200200900973,2.1320429837864685
1,"N(2,0.2²)",AM,3,4833.453490442294,4833.453490442294,1.9985606715111224,0.03958170246320858,1.9992168922482418,1.8656614870058545,2.1348363318177452
1,"N(2,0.2²)",AM,4,4710.4211718415545,4710.4211718415545,2.000394737582712,0.039228366553458294,2.0015955439336444,1.8668532178324326,2.1351273961519817
1,"N(2,0.2²)",AM,5,4808.853259898825,4808.853259898825,2.0034395002683425,0.04075528555674168,2.0043400847277213,1.8677093493477832,2.1389311951318293
1,"N(2,0.2²)",AM,6,5005.624496506116,5005.624496506116,2.0016593932520443,0.04069727441152082,2.000902021831552,1.86562936532261,2.138815782629215
1,"N(2,0.2²)",AM,7,4660.302327981406,4660.302327981406,1.9963571549942327,0.039282142298386,1.9956771237612008,1.8633169438701183,2.1308673333970494
1,"N(2,0.2²)",AM,8,4906.91199680469,4906.91199680469,2.003075880095927,0.04040824905337459,2.0057538205574743,1.867237477875237,2.138220572836598
1,"N(2,0.2²)",AM,9,4872.51114497321,4872.51114497321,2.0007156582705834,0.04087314854833046,1.9970971624547185,1.863096223117974,2.1352730251556498
1,"N(2,0.2²)",AM,10,4996.6720202418755,4996.6720202418755,1.9997278186570968,0.03949553088011859,1.999729228991064,1.866282720766399,2.1337947931301
1,"N(0.2,0.2²)",RRWMH,1,8900.777942123297,8900.777942123297,0.19761805741986274,0.040661108568878584,0.1952406402652203,0.05929636320347641,0.3340229836059004
1,"N(0.2,0.2²)",RRWMH,2,9681.822756597709,9681.822756597709,0.19586264677087825,0.03986130496351622,0.19696540828200249,0.06319481452536652,0.33003946490731884
1,"N(0.2,0.2²)",RRWMH,3,8601.770114400188,8601.770114400188,0.20088523274964362,0.041120811136766265,0.20058848892030431,0.06500216914564017,0.34213706436387337
1,"N(0.2,0.2²)",RRWMH,4,9445.61878929987,9445.61878929987,0.19947413362954766,0.03913105322025123,0.1987628953085598,0.06781616491120518,0.33141988192137106
1,"N(0.2,0.2²)",RRWMH,5,8920.633840404289,8920.633840404289,0.20128958895997112,0.03995974606212058,0.20207855515308604,0.06835660497288032,0.3348028285403902
1,"N(0.2,0.2²)",RRWMH,6,9235.19890235156,9235.19890235156,0.19815133155714643,0.04113533836708176,0.19718300765398433,0.062005409828932295,0.3365794519780569
1,"N(0.2,0.2²)",RRWMH,7,8722.241854511334,8722.241854511334,0.19824601943933176,0.040326468124627174,0.1979561943320636,0.06250446910828014,0.3341664642705702
1,"N(0.2,0.2²)",RRWMH,8,8858.70865612462,8858.70865612462,0.1989110508589379,0.039852885506387666,0.20063235964659404,0.06499906880126755,0.3349330748259094
1,"N(0.2,0.2²)",RRWMH,9,8687.11207587573,8687.11207587573,0.19963008015219758,0.04019293098999543,0.20166626873814894,0.06408407052826826,0.3349162925065034
1,"N(0.2,0.2²)",RRWMH,10,9178.046260410256,9178.046260410256,0.20177396844142692,0.04084252327721252,0.20114476769608308,0.06467394281611193,0.3396796718712139
1,"N(0.2,0.2²)",AM,1,4901.181628216149,4901.181628216149,0.19894835981644426,0.039405367252345225,0.19811006686043947,0.06487888683346565,0.3318886900476503
1,"N(0.2,0.2²)",AM,2,4653.75469433751,4653.75469433751,0.19727607528858798,0.04031232967920287,0.19823291567293366,0.062259080217478106,0.33272946294976025
1,"N(0.2,0.2²)",AM,3,4571.535194735812,4571.535194735812,0.19820195127804546,0.03955577884734181,0.19803855788623076,0.06667547118045294,0.334017637081229
1,"N(0.2,0.2²)",AM,4,4632.3491318753395,4632.3491318753395,0.20070590272398312,0.039865625978017315,0.20254588849590907,0.06757794806631527,0.33469972700141326
1,"N(0.2,0.2²)",AM,5,4822.015711322019,4822.015711322019,0.2045608593211532,0.0409006099199932,0.20523718571790486,0.0681475286479025,0.33977084885356534
1,"N(0.2,0.2²)",AM,6,4777.562394596502,4777.562394596502,0.2028000426973039,0.040272139557127225,0.20330939511647797,0.06682169896366895,0.3376698076522371
1,"N(0.2,0.2²)",AM,7,4546.909479626694,4546.909479626694,0.19715875486016785,0.0394838292671784,0.1976836321046238,0.06304513606301711,0.33168054586407003
1,"N(0.2,0.2²)",AM,8,4811.6451283730985,4811.6451283730985,0.20312696670699967,0.04029676171882482,0.2044659824506503,0.06686733230116632,0.3386289262959731
1,"N(0.2,0.2²)",AM,9,4999.266541344584,4999.266541344584,0.20091629133754468,0.040886923235929025,0.19882331149594243,0.06395154857831527,0.33546170001813574
1,"N(0.2,0.2²)",AM,10,4836.651301524432,4836.651301524432,0.199931977338665,0.03948899410743486,0.19926582624874523,0.06688402644352864,0.33447667560451433
1,"N(10,0.2²)",RRWMH,1,9285.257560612334,9285.257560612334,9.997481085902217,0.039650210559315724,9.996403782629432,9.863430898851757,10.131726783585085
1,"N(10,0.2²)",RRWMH,2,8156.807688981364,8156.807688981364,10.000747928197896,0.0398738912830936,10.000321680028428,9.865436474515656,10.137243794804094
1,"N(10,0.2²)",RRWMH,3,7822.5123965595185,7822.5123965595185,10.000788468413456,0.04143851811051036,10.000608661387439,9.864164277800723,10.139342410379765
1,"N(10,0.2²)",RRWMH,4,7737.529815222744,7737.529815222744,9.998268665173386,0.03984153715805405,9.99847450435533,9.862860757473518,10.13357733209659
1,"N(10,0.2²)",RRWMH,5,8316.256202025927,8316.256202025927,10.000405477082511,0.040023469763355024,10.001855778859808,9.864958597783875,10.133072363687745
1,"N(10,0.2²)",RRWMH,6,8675.827255997612,8675.827255997612,9.997011742330791,0.04017189502441454,9.996877972718645,9.860400015255898,10.131295847625859
1,"N(10,0.2²)",RRWMH,7,6529.848671282502,6529.848671282502,9.999988567192775,0.04015470329261461,10.00059874570817,9.866558420265962,10.133020457213462
1,"N(10,0.2²)",RRWMH,8,7717.197970803698,7717.197970803698,9.998746260699836,0.04015658935196598,9.997612247493638,9.86387770360354,10.134011246855282
1,"N(10,0.2²)",RRWMH,9,9131.021237780173,9131.021237780173,10.00216035449185,0.04030114973215859,10.002640923120692,9.868067317302266,10.139231112974258
1,"N(10,0.2²)",RRWMH,10,7101.819969155874,7101.819969155874,10.002510405889952,0.04086369503494325,10.002120232513914,9.866668924806362,10.138731063823691
1,"N(10,0.2²)",AM,1,5359.786555418309,5359.786555418309,9.998622963391046,0.03934002806600745,9.997285753501478,9.863012440889104,10.132846767776893
1,"N(10,0.2²)",AM,2,6087.209633532994,6087.209633532994,9.996492795960577,0.04050829502797626,9.997454568499052,9.861458148277803,10.131070797891015
1,"N(10,0.2²)",AM,3,7211.489779841859,7211.489779841859,9.998291092137002,0.03948317376564603,10.000718006318987,9.862477800109655,10.133720369291783
1,"N(10,0.2²)",AM,4,7171.372515907732,7171.372515907732,10.000542058447039,0.03909862287619603,10.001215959103355,9.86521503337253,10.135213582293932
1,"N(10,0.2²)",AM,5,7638.524081719295,7638.524081719295,10.002721066967874,0.041049761862737455,10.00344921839887,9.863592470630362,10.141358998850025
1,"N(10,0.2²)",AM,6,7520.225070740051,7520.225070740051,10.000050943194314,0.04050566839748626,10.000454140488287,9.865027694987422,10.13411832869156
1,"N(10,0.2²)",AM,7,6977.060908049898,6977.060908049898,9.999404834021012,0.03945259808214985,9.99843369129315,9.86373250260233,10.134372472703106
1,"N(10,0.2²)",AM,8,8524.041430848138,8524.041430848138,10.003383173279099,0.04019598195873186,10.004419288499223,9.86822597082947,10.135917425288566
1,"N(10,0.2²)",AM,9,6887.214748365551,6887.214748365551,10.001330709638442,0.04022587781506104,10.000862831938889,9.865488886066956,10.136562025078725
1,"N(10,0.2²)",AM,10,6548.538092472614,6548.538092472614,9.997833901048025,0.03978470879366114,9.996835483177012,9.865127495679195,10.132599703875117
1,"N(2,5²)",RRWMH,1,897.9199102532172,897.9199102532172,1.912489357559668,26.76056176012199,1.855365893987514,-1.709375141907345,5.436726906939774
1,"N(2,5²)",RRWMH,2,867.9411990129933,867.9411990129933,1.852164245192713,25.49294825920725,1.8993352597783768,-1.5647215131520247,5.276925570238874
1,"N(2,5²)",RRWMH,3,1065.112277457466,1065.112277457466,2.0424443493400704,23.78543551141764,2.0794480728331437,-1.2034148502920623,5.286104988645712
1,"N(2,5²)",RRWMH,4,1055.7404225750058,1055.7404225750058,1.64572242853813,25.13539974243058,1.6491476473918856,-1.7962756525907406,5.119986932808786
1,"N(2,5²)",RRWMH,5,987.2467976343282,987.2467976343282,1.9273965794188908,25.720244390276427,1.9289790011620205,-1.4117249737386903,5.310830706004116
1,"N(2,5²)",RRWMH,6,974.9581156130361,974.9581156130361,1.9758805233542354,24.85332192812497,1.9141974078492154,-1.420003219104677,5.359758705053093
1,"N(2,5²)",RRWMH,7,953.3405105511797,953.3405105511797,1.8495468851685715,25.273063140392193,1.8749517786910357,-1.5631429459217847,5.216594352295477
1,"N(2,5²)",RRWMH,8,1039.8318136198438,1039.8318136198438,1.9116743886332985,24.980819405140387,1.9017610309751776,-1.4510671014860217,5.302271849348451
1,"N(2,5²)",RRWMH,9,1054.3407309071267,1054.3407309071267,2.1186014909447892,25.247156490074637,2.0767752128395633,-1.3894546054404555,5.581086696423653
1,"N(2,5²)",RRWMH,10,952.968515264824,952.968515264824,1.8779570185649666,23.793849070594536,1.8988221395890097,-1.3897498177442102,5.1802245785152845
1,"N(2,5²)",AM,1,4865.416529999198,4865.416529999198,1.9677695352758233,24.719933801767745,1.9414372066697627,-1.3875680833206365,5.281391517101527
1,"N(2,5²)",AM,2,4876.020139958335,4876.020139958335,1.9146591364718863,25.20926700014772,1.9562061168254292,-1.4402810124162446,5.2665599359691635
1,"N(2,5²)",AM,3,4564.246594471027,4564.246594471027,1.9719630250505034,24.760260560362287,2.0049945600863417,-1.3554512108348007,5.366247746754402
1,"N(2,5²)",AM,4,4498.446096251592,4498.446096251592,1.9873424044498698,24.54494019719633,2.045687941191887,-1.3271294120634254,5.348439474575078
1,"N(2,5²)",AM,5,4742.376066513903,4742.376066513903,2.1066515571071,25.867820720231077,2.117737563833323,-1.3267632571287842,5.525037486965385
1,"N(2,5²)",AM,6,4640.983193837795,4640.983193837795,2.0795633746312365,24.974371914722443,2.0203351918395303,-1.3026704932618438,5.469313268487365
1,"N(2,5²)",AM,7,4489.261369558084,4489.261369558084,1.9644244575943182,24.6798536258666,1.9622571365836494,-1.3695394666232157,5.355383445164507
1,"N(2,5²)",AM,8,4749.646537974006,4749.646537974006,2.07858105275774,25.16202800353865,2.1276950010310114,-1.3086361006414566,5.475360853603666
1,"N(2,5²)",AM,9,4924.420274497073,4924.420274497073,2.0525293800369315,25.232384232217385,1.9765834060366179,-1.3680070094998058,5.420406936958924
1,"N(2,5²)",AM,10,4728.667544393596,4728.667544393596,2.0121639208371884,24.84525750208816,2.001706594298767,-1.3344688324927487,5.3709656120465326
1,"N(0.2,5²)",RRWMH,1,881.2769435716996,881.2769435716996,0.10517764735126846,26.634355199489836,0.0692973636083373,-3.5127867635346535,3.6117968339990805
1,"N(0.2,5²)",RRWMH,2,952.2909867764934,952.2909867764934,0.05687569486336411,25.08203763367483,0.018122655083142203,-3.3355811363673755,3.471522735778956
1,"N(0.2,5²)",RRWMH,3,1007.4857583847275,1007.4857583847275,0.10655080223151253,24.00929500087335,0.20311484956839443,-3.0929108546659285,3.4400528919799864
1,"N(0.2,5²)",RRWMH,4,1075.5224455102411,1075.5224455102411,-0.07397282916834318,25.315692359153605,-0.11190804763457063,-3.5230775155993475,3.3954934632488114
1,"N(0.2,5²)",RRWMH,5,949.0444430099385,949.0444430099385,0.16510909156520348,25.9748000762252,0.11438958486914963,-3.2211277830454312,3.4929539237935283
1,"N(0.2,5²)",RRWMH,6,1006.0781188473006,1006.0781188473006,0.13587052265958469,24.665596330950866,0.04620029453853025,-3.268329364589471,3.5235731235416416
1,"N(0.2,5²)",RRWMH,7,1062.9999091004984,1062.9999091004984,0.1397907208571604,24.193725977445883,0.12258356009471749,-3.2019603986273344,3.4752282936571732
1,"N(0.2,5²)",RRWMH,8,1041.5622694730578,1041.5622694730578,0.1416541634252377,24.9553820359574,0.16097296479002182,-3.2233258247441494,3.5579502113373067
1,"N(0.2,5²)",RRWMH,9,1010.341893603824,1010.341893603824,0.2793248823690336,25.0872314655888,0.26065988415000657,-3.2072180849582708,3.7061132174528444
1,"N(0.2,5²)",RRWMH,10,948.4456658678225,948.4456658678225,0.010044797830101473,24.985794519238837,0.014977979441646375,-3.398331760815645,3.3587124406005238
1,"N(0.2,5²)",AM,1,4906.561461137563,4906.561461137563,0.1793943800925551,24.44484998110433,0.14875904676086193,-3.1472857853010074,3.474705241495803
1,"N(0.2,5²)",AM,2,4680.388877425376,4680.388877425376,0.13150658187887557,25.53446155387895,0.1326686042642713,-3.2677303407889804,3.5261468765400217
1,"N(0.2,5²)",AM,3,4491.401672342265,4491.401672342265,0.1519264291667207,24.61371896739085,0.1836250774021133,-3.1480774218003833,3.5539638649243583
1,"N(0.2,5²)",AM,4,4745.030749583569,4745.030749583569,0.19650038677897777,24.74930098657035,0.24497546256168024,-3.1466239545243813,3.6035275845939383
1,"N(0.2,5²)",AM,5,4804.046026845934,4804.046026845934,0.31189724022404486,25.695212839069743,0.32215544913738514,-3.125472904828297,3.6866049000286694
1,"N(0.2,5²)",AM,6,4674.55901319573,4674.55901319573,0.29418595668557906,25.046194058999745,0.27038059833182726,-3.0753914811791345,3.713477817886607
1,"N(0.2,5²)",AM,7,4522.544836402785,4522.544836402785,0.1373039497057159,24.744696474393198,0.10951907769484455,-3.2081133224562963,3.52232311876865
1,"N(0.2,5²)",AM,8,4829.412742787156,4829.412742787156,0.2724313175418219,25.100355055646432,0.32365618627692827,-3.136863541036507,3.68452395603166
1,"N(0.2,5²)",AM,9,4797.271755270635,4797.271755270635,0.22430192212447694,25.6090510317818,0.16632440218149291,-3.229100685490227,3.6161590490414355
1,"N(0.2,5²)",AM,10,4848.464054080354,4848.464054080354,0.18153715123436426,24.71246234385961,0.19201891082059808,-3.126788531253312,3.551781510439935
1,"N(10,5²)",RRWMH,1,941.123964840106,941.123964840106,9.915438345677648,26.716996956609023,9.825428535685097,6.265898042126731,13.426422474808685
1,"N(10,5²)",RRWMH,2,965.461803181175,965.461803181175,9.80440281752279,24.77735569355667,9.865409420845275,6.464172139321943,13.213208213133393
1,"N(10,5²)",RRWMH,3,1072.1344260075782,1072.1344260075782,10.011185866377724,23.93466662472835,10.052129014707164,6.758531279911506,13.262479862379202
1,"N(10,5²)",RRWMH,4,1098.2847621848439,1098.2847621848439,9.703839877308196,24.88451778263982,9.725628336355118,6.268026416375177,13.102642914021384
1,"N(10,5²)",RRWMH,5,968.391223795315,968.391223795315,9.896060794357066,25.896703111431563,9.87473439121531,6.56912150290913,13.232298383327892
1,"N(10,5²)",RRWMH,6,1021.7343808567783,1021.7343808567783,9.860184216098123,24.294918811083562,9.805569658183868,6.469755342847766,13.262370149216723
1,"N(10,5²)",RRWMH,7,937.9034529971376,937.9034529971376,9.854064336913625,25.32839973607642,9.877177385323261,6.418355741344714,13.282190331346904
1,"N(10,5²)",RRWMH,8,1045.9318779855519,1045.9318779855519,9.933313142956852,25.204418559819572,9.915308279888718,6.638573985156594,13.33335640191943
1,"N(10,5²)",RRWMH,9,1052.615936031228,1052.615936031228,10.095188233798568,24.811741241088797,10.11218251944999,6.663976115380743,13.499342167189958
1,"N(10,5²)",RRWMH,10,928.8966497409351,928.8966497409351,9.851129664313145,23.800991902773788,9.875247729224956,6.542247779825325,13.159200089064434
1,"N(10,5²)",AM,1,4954.594169573542,4954.594169573542,9.988071503342637,24.371377831576197,9.972180211005425,6.669367234825367,13.277435461018035
1,"N(10,5²)",AM,2,4757.933541194226,4757.933541194226,9.925949058150573,25.13867041826107,9.956099778890302,6.596726346405635,13.315615930169175
1,"N(10,5²)",AM,3,4476.247599694504,4476.247599694504,9.947226389993277,24.591959910391083,9.967618307445186,6.660789432701615,13.31936307060221
1,"N(10,5²)",AM,4,4703.765348812546,4703.765348812546,10.02485231293456,24.94102339531142,10.048816017744326,6.669450524181393,13.43897486845291
1,"N(10,5²)",AM,5,4833.362667681736,4833.362667681736,10.102354018989606,25.394778479773393,10.111391935698688,6.666551154631793,13.495733077186237
1,"N(10,5²)",AM,6,4750.009504609151,4750.009504609151,10.08528131593308,25.15596054116814,10.09302394039467,6.693597028299835,13.486121890876646
1,"N(10,5²)",AM,7,4485.39411887035,4485.39411887035,9.926401876458156,24.584448431949667,9.912321561866115,6.581664506772034,13.262477999534793
1,"N(10,5²)",AM,8,4757.846869077088,4757.846869077088,10.11760801890968,25.08333067191515,10.197238653062055,6.7072554245025895,13.497774201842246
1,"N(10,5²)",AM,9,4984.029684315011,4984.029684315011,10.028125183590213,25.58971593726946,9.965301355489284,6.56653351233231,13.380505871699338
1,"N(10,5²)",AM,10,4881.90869841,4881.90869841,9.974032295061308,24.710304115121374,10.026255723042112,6.639475228609611,13.347036848399084
1,"Cauchy",RRWMH,1,375.2588992687034,375.2588992687034,-0.879251959867996,65.99765441068277,-0.029584304270875217,-1.0940622951016103,0.994435937542572
1,"Cauchy",RRWMH,2,498.4437125761655,498.4437125761655,-0.4173157242896586,28.27112532088635,-0.050900649985094346,-1.0681565888556492,0.9511344564203345
1,"Cauchy",RRWMH,3,645.4161260973093,645.4161260973093,-0.32922925842571865,12.686267952290919,-0.0478587212236814,-1.0048747827640134,0.8507888157088386
1,"Cauchy",RRWMH,4,366.39823875804893,366.39823875804893,-0.7876722245346023,63.158464191036686,-0.05526584997179623,-1.0869446995145104,0.9743206798462545
1,"Cauchy",RRWMH,5,521.005603445158,521.005603445158,0.2032568467933874,20.932211849175847,0.026968886767031075,-0.9592379672777658,1.0730834113021883
1,"Cauchy",RRWMH,6,455.23882425720933,455.23882425720933,-0.3038136892741426,33.5263583274286,-0.08046703260606242,-1.0275472184089436,0.8476242922048732
1,"Cauchy",RRWMH,7,326.8920139800134,326.8920139800134,1.1228750601812418,100.50438584594392,0.012653257115484262,-1.0029662684075769,1.1496250276683913
1,"Cauchy",RRWMH,8,290.17598565430114,290.17598565430114,0.9855183727361945,95.29829920374866,0.04700589848602991,-0.9088070183881088,1.1035948518587333
1,"Cauchy",RRWMH,9,961.5131627382808,961.5131627382808,0.031076380597220014,8.280694292162984,0.00768154379089557,-0.8770967872534624,0.9334791977847621
1,"Cauchy",RRWMH,10,253.18896213720362,253.18896213720362,-1.7067844686611917,154.0999283787448,-0.09609883405756181,-1.2635844487983323,1.017793391054446
1,"Cauchy",AM,1,1776.9404375653414,1776.9404375653414,-0.054286556611909925,216.84619480878175,0.006919413269653729,-0.983318906613843,1.03160963929801
1,"Cauchy",AM,2,1925.925384125013,1925.925384125013,-0.06780852169070872,33.983298407201744,-0.034033763293027874,-1.0085542957647466,0.9568621587670699
1,"Cauchy",AM,3,2622.600833388328,2622.600833388328,0.4236358555794164,51.77105289177969,0.03588033664210877,-0.940745533760762,1.0234494673550036
1,"Cauchy",AM,4,1572.6340830379393,1572.6340830379393,-0.70563095339278,242.922552267671,0.004381002439317383,-1.113941984895697,0.9840621588162279
1,"Cauchy",AM,5,1953.5741957420792,1953.5741957420792,0.6831880194362291,69.64575016309905,0.043427434829109046,-0.9291085482238953,1.0424357773438535
1,"Cauchy",AM,6,2427.276698180179,2427.276698180179,0.010133733072563609,38.11425371627143,-0.0024101411600936373,-1.0018949458465731,1.0412828690906908
1,"Cauchy",AM,7,1953.1848933795943,1953.1848933795943,-0.603121347355965,85.74909349649533,-0.01759259572193761,-1.0264398680206224,0.9841345154272997
1,"Cauchy",AM,8,1605.0798499254672,1605.0798499254672,-0.9106593218445498,124.1144396012687,-0.01608999658128535,-1.0103836426798471,0.9926540458522659
1,"Cauchy",AM,9,1659.05331070405,1659.05331070405,0.45437750741769667,54.556495091859034,0.00456532713037594,-0.9359362098380064,1.020462409263435
1,"Cauchy",AM,10,2123.2862741575364,2123.2862741575364,-0.2455126141320991,33.19332752335707,-0.047854047675858435,-1.0112142567470048,0.9112091109173581
1,"N(2,1)",exact,1,0.0,0.0,2.0,1.0,2.0,1.3255102498039182,2.6744897501960816
1,"N(0.2,1)",exact,1,0.0,0.0,0.2,1.0,0.2,-0.4744897501960818,0.8744897501960818
1,"N(10,1)",exact,1,0.0,0.0,10.0,1.0,10.0,9.325510249803918,10.674489750196082
1,"N(2,0.2²)",exact,1,0.0,0.0,2.0,0.04000000000000001,2.0,1.8651020499607835,2.1348979500392162
1,"N(0.2,0.2²)",exact,1,0.0,0.0,0.2,0.04000000000000001,0.2,0.06510204996078364,0.3348979500392164
1,"N(10,0.2²)",exact,1,0.0,0.0,10.0,0.04000000000000001,10.0,9.865102049960784,10.134897950039216
1,"N(2,5²)",exact,1,0.0,0.0,2.0,25.0,2.0,-1.3724487509804089,5.372448750980409
1,"N(0.2,5²)",exact,1,0.0,0.0,0.2,25.0,0.2,-3.1724487509804087,3.572448750980409
1,"N(10,5²)",exact,1,0.0,0.0,10.0,25.0,10.0,6.627551249019591,13.372448750980409
1,"Cauchy",exact,1,0.0,0.0,Inf,Inf,0.0,-0.9999999999999999,0.9999999999999999
